nearest_station_id,year,T_oa_celsius,RH_oa_pct,P_oa_pa
GHCND:USW00003017,2021,19.27777777777778,60.0,101325.0
GHCND:USW00003017,2022,18.88888888888889,60.0,101325.0
GHCND:USW00003017,2023,18.000000000000004,60.0,101325.0
GHCND:USW00003017,2024,20.11111111111111,60.0,101325.0
GHCND:USW00003804,2021,18.88888888888889,60.0,101325.0
GHCND:USW00003804,2022,18.22222222222222,60.0,101325.0
GHCND:USW00003804,2023,19.27777777777778,60.0,101325.0
GHCND:USW00003804,2024,20.27777777777778,60.0,101325.0
GHCND:USW00003810,2021,21.722222222222218,60.0,101325.0
GHCND:USW00003810,2022,21.38888888888889,60.0,101325.0
GHCND:USW00003810,2023,21.944444444444443,60.0,101325.0
GHCND:USW00003810,2024,22.11111111111111,60.0,101325.0
GHCND:USW00003811,2021,21.722222222222218,60.0,101325.0
GHCND:USW00003811,2022,21.944444444444443,60.0,101325.0
GHCND:USW00003811,2023,22.666666666666668,60.0,101325.0
GHCND:USW00003811,2024,23.388888888888886,60.0,101325.0
GHCND:USW00003812,2021,20.11111111111111,60.0,101325.0
GHCND:USW00003812,2022,19.61111111111111,60.0,101325.0
GHCND:USW00003812,2023,20.833333333333332,60.0,101325.0
GHCND:USW00003812,2024,21.055555555555557,60.0,101325.0
GHCND:USW00003813,2021,25.444444444444443,60.0,101325.0
GHCND:USW00003813,2022,25.72222222222222,60.0,101325.0
GHCND:USW00003813,2023,25.944444444444443,60.0,101325.0
GHCND:USW00003813,2024,25.555555555555557,60.0,101325.0
GHCND:USW00003816,2021,20.944444444444443,60.0,101325.0
GHCND:USW00003816,2022,21.055555555555557,60.0,101325.0
GHCND:USW00003816,2023,22.055555555555557,60.0,101325.0
GHCND:USW00003816,2024,22.38888888888889,60.0,101325.0
GHCND:USW00003820,2021,25.833333333333332,60.0,101325.0
GHCND:USW00003820,2022,25.11111111111111,60.0,101325.0
GHCND:USW00003820,2023,24.944444444444446,60.0,101325.0
GHCND:USW00003822,2021,25.38888888888889,60.0,101325.0
GHCND:USW00003822,2022,25.72222222222222,60.0,101325.0
GHCND:USW00003822,2023,26.27777777777778,60.0,101325.0
GHCND:USW00003822,2024,26.27777777777778,60.0,101325.0
GHCND:USW00003847,2021,18.77777777777778,60.0,101325.0
GHCND:USW00003847,2022,18.72222222222222,60.0,101325.0
GHCND:USW00003847,2023,19.444444444444443,60.0,101325.0
GHCND:USW00003847,2024,19.833333333333332,60.0,101325.0
GHCND:USW00003849,2021,19.72222222222222,60.0,101325.0
GHCND:USW00003849,2022,19.833333333333332,60.0,101325.0
GHCND:USW00003849,2023,20.611111111111107,60.0,101325.0
GHCND:USW00003849,2024,20.777777777777782,60.0,101325.0
GHCND:USW00003856,2021,22.555555555555554,60.0,101325.0
GHCND:USW00003856,2022,23.055555555555557,60.0,101325.0
GHCND:USW00003856,2023,23.833333333333336,60.0,101325.0
GHCND:USW00003856,2024,24.166666666666668,60.0,101325.0
GHCND:USW00003860,2021,19.27777777777778,60.0,101325.0
GHCND:USW00003860,2022,19.333333333333332,60.0,101325.0
GHCND:USW00003860,2023,20.555555555555557,60.0,101325.0
GHCND:USW00003860,2024,21.611111111111114,60.0,101325.0
GHCND:USW00003870,2021,22.555555555555554,60.0,101325.0
GHCND:USW00003870,2022,22.444444444444446,60.0,101325.0
GHCND:USW00003870,2023,23.055555555555557,60.0,101325.0
GHCND:USW00003870,2024,23.333333333333332,60.0,101325.0
GHCND:USW00003894,2021,20.888888888888886,60.0,101325.0
GHCND:USW00003894,2022,21.77777777777778,60.0,101325.0
GHCND:USW00003901,2021,24.777777777777775,60.0,101325.0
GHCND:USW00003901,2022,26.0,60.0,101325.0
GHCND:USW00003901,2024,26.333333333333336,60.0,101325.0
GHCND:USW00003904,2021,26.722222222222218,60.0,101325.0
GHCND:USW00003904,2022,27.77777777777778,60.0,101325.0
GHCND:USW00003904,2023,28.61111111111111,60.0,101325.0
GHCND:USW00003904,2024,28.111111111111107,60.0,101325.0
GHCND:USW00003927,2021,25.222222222222225,60.0,101325.0
GHCND:USW00003927,2022,26.22222222222222,60.0,101325.0
GHCND:USW00003927,2023,26.77777777777778,60.0,101325.0
GHCND:USW00003927,2024,26.333333333333336,60.0,101325.0
GHCND:USW00003935,2021,20.611111111111107,60.0,101325.0
GHCND:USW00003935,2022,20.611111111111107,60.0,101325.0
GHCND:USW00003935,2023,21.555555555555557,60.0,101325.0
GHCND:USW00003935,2024,21.944444444444443,60.0,101325.0
GHCND:USW00003937,2021,26.055555555555557,60.0,101325.0
GHCND:USW00003937,2022,25.888888888888886,60.0,101325.0
GHCND:USW00003937,2023,27.055555555555557,60.0,101325.0
GHCND:USW00003937,2024,27.22222222222222,60.0,101325.0
GHCND:USW00003945,2021,19.555555555555557,60.0,101325.0
GHCND:USW00003945,2022,19.66666666666667,60.0,101325.0
GHCND:USW00003945,2023,20.555555555555557,60.0,101325.0
GHCND:USW00003945,2024,20.27777777777778,60.0,101325.0
GHCND:USW00003947,2021,19.444444444444443,60.0,101325.0
GHCND:USW00003947,2022,19.333333333333332,60.0,101325.0
GHCND:USW00003947,2023,19.777777777777775,60.0,101325.0
GHCND:USW00003947,2024,19.88888888888889,60.0,101325.0
GHCND:USW00003950,2021,24.111111111111114,60.0,101325.0
GHCND:USW00003950,2022,25.222222222222225,60.0,101325.0
GHCND:USW00003950,2023,25.444444444444443,60.0,101325.0
GHCND:USW00003950,2024,26.055555555555557,60.0,101325.0
GHCND:USW00003962,2021,23.277777777777782,60.0,101325.0
GHCND:USW00003962,2022,23.72222222222222,60.0,101325.0
GHCND:USW00003962,2023,24.222222222222218,60.0,101325.0
GHCND:USW00003962,2024,24.444444444444443,60.0,101325.0
GHCND:USW00003996,2021,25.944444444444443,60.0,101325.0
GHCND:USW00003996,2022,25.833333333333332,60.0,101325.0
GHCND:USW00003996,2023,26.77777777777778,60.0,101325.0
GHCND:USW00003996,2024,26.38888888888889,60.0,101325.0
GHCND:USW00003999,2021,25.611111111111107,60.0,101325.0
GHCND:USW00003999,2022,26.833333333333332,60.0,101325.0
GHCND:USW00003999,2023,27.5,60.0,101325.0
GHCND:USW00003999,2024,27.277777777777775,60.0,101325.0
GHCND:USW00004725,2021,13.277777777777779,60.0,101325.0
GHCND:USW00004725,2022,13.222222222222221,60.0,101325.0
GHCND:USW00004725,2023,14.5,60.0,101325.0
GHCND:USW00004725,2024,14.38888888888889,60.0,101325.0
GHCND:USW00004751,2021,14.333333333333334,60.0,101325.0
GHCND:USW00004751,2022,14.38888888888889,60.0,101325.0
GHCND:USW00004751,2023,15.222222222222221,60.0,101325.0
GHCND:USW00004751,2024,15.722222222222221,60.0,101325.0
GHCND:USW00004781,2021,17.055555555555557,60.0,101325.0
GHCND:USW00004781,2022,17.166666666666668,60.0,101325.0
GHCND:USW00004781,2023,17.555555555555557,60.0,101325.0
GHCND:USW00004781,2024,17.333333333333332,60.0,101325.0
GHCND:USW00004840,2021,15.555555555555555,60.0,101325.0
GHCND:USW00004840,2022,13.444444444444446,60.0,101325.0
GHCND:USW00004840,2023,15.055555555555555,60.0,101325.0
GHCND:USW00004840,2024,15.38888888888889,60.0,101325.0
GHCND:USW00012815,2021,29.11111111111111,60.0,101325.0
GHCND:USW00012815,2022,29.444444444444443,60.0,101325.0
GHCND:USW00012815,2023,29.666666666666668,60.0,101325.0
GHCND:USW00012815,2024,29.27777777777778,60.0,101325.0
GHCND:USW00012816,2021,27.16666666666667,60.0,101325.0
GHCND:USW00012816,2022,27.666666666666668,60.0,101325.0
GHCND:USW00012816,2023,28.277777777777782,60.0,101325.0
GHCND:USW00012816,2024,27.61111111111111,60.0,101325.0
GHCND:USW00012832,2021,25.38888888888889,60.0,101325.0
GHCND:USW00012832,2022,25.777777777777782,60.0,101325.0
GHCND:USW00012832,2023,26.27777777777778,60.0,101325.0
GHCND:USW00012832,2024,26.333333333333336,60.0,101325.0
GHCND:USW00012834,2021,27.555555555555554,60.0,101325.0
GHCND:USW00012834,2022,27.77777777777778,60.0,101325.0
GHCND:USW00012834,2023,28.166666666666668,60.0,101325.0
GHCND:USW00012834,2024,27.666666666666668,60.0,101325.0
GHCND:USW00012835,2021,30.055555555555557,60.0,101325.0
GHCND:USW00012835,2022,30.444444444444443,60.0,101325.0
GHCND:USW00012835,2023,30.61111111111111,60.0,101325.0
GHCND:USW00012835,2024,29.77777777777778,60.0,101325.0
GHCND:USW00012838,2021,28.22222222222222,60.0,101325.0
GHCND:USW00012838,2022,28.055555555555557,60.0,101325.0
GHCND:USW00012838,2023,28.666666666666668,60.0,101325.0
GHCND:USW00012838,2024,28.055555555555557,60.0,101325.0
GHCND:USW00012839,2021,29.444444444444443,60.0,101325.0
GHCND:USW00012839,2022,29.77777777777778,60.0,101325.0
GHCND:USW00012839,2023,30.444444444444443,60.0,101325.0
GHCND:USW00012839,2024,29.5,60.0,101325.0
GHCND:USW00012842,2021,28.833333333333332,60.0,101325.0
GHCND:USW00012842,2022,29.166666666666668,60.0,101325.0
GHCND:USW00012842,2023,29.166666666666668,60.0,101325.0
GHCND:USW00012842,2024,28.666666666666668,60.0,101325.0
GHCND:USW00012843,2021,29.055555555555557,60.0,101325.0
GHCND:USW00012843,2022,28.72222222222222,60.0,101325.0
GHCND:USW00012843,2023,29.27777777777778,60.0,101325.0
GHCND:USW00012843,2024,28.88888888888889,60.0,101325.0
GHCND:USW00012844,2021,29.333333333333332,60.0,101325.0
GHCND:USW00012844,2022,29.38888888888889,60.0,101325.0
GHCND:USW00012844,2023,29.72222222222222,60.0,101325.0
GHCND:USW00012844,2024,29.27777777777778,60.0,101325.0
GHCND:USW00012849,2021,29.055555555555557,60.0,101325.0
GHCND:USW00012849,2022,29.166666666666668,60.0,101325.0
GHCND:USW00012849,2023,29.5,60.0,101325.0
GHCND:USW00012849,2024,29.333333333333332,60.0,101325.0
GHCND:USW00012912,2021,27.61111111111111,60.0,101325.0
GHCND:USW00012912,2022,28.388888888888886,60.0,101325.0
GHCND:USW00012912,2023,28.944444444444443,60.0,101325.0
GHCND:USW00012912,2024,28.944444444444443,60.0,101325.0
GHCND:USW00012916,2021,26.27777777777778,60.0,101325.0
GHCND:USW00012916,2022,26.11111111111111,60.0,101325.0
GHCND:USW00012916,2023,27.444444444444446,60.0,101325.0
GHCND:USW00012916,2024,26.999999999999996,60.0,101325.0
GHCND:USW00012917,2021,26.055555555555557,60.0,101325.0
GHCND:USW00012917,2022,26.722222222222218,60.0,101325.0
GHCND:USW00012917,2023,28.166666666666668,60.0,101325.0
GHCND:USW00012917,2024,27.61111111111111,60.0,101325.0
GHCND:USW00012918,2021,27.5,60.0,101325.0
GHCND:USW00012918,2022,27.5,60.0,101325.0
GHCND:USW00012918,2023,28.388888888888886,60.0,101325.0
GHCND:USW00012918,2024,28.22222222222222,60.0,101325.0
GHCND:USW00012924,2021,28.111111111111107,60.0,101325.0
GHCND:USW00012924,2022,28.111111111111107,60.0,101325.0
GHCND:USW00012924,2023,29.61111111111111,60.0,101325.0
GHCND:USW00012924,2024,29.72222222222222,60.0,101325.0
GHCND:USW00012935,2021,26.333333333333336,60.0,101325.0
GHCND:USW00012935,2022,26.722222222222218,60.0,101325.0
GHCND:USW00012935,2023,27.22222222222222,60.0,101325.0
GHCND:USW00012935,2024,27.277777777777775,60.0,101325.0
GHCND:USW00012959,2021,30.38888888888889,60.0,101325.0
GHCND:USW00012959,2022,30.166666666666668,60.0,101325.0
GHCND:USW00012959,2023,31.166666666666668,60.0,101325.0
GHCND:USW00012959,2024,31.77777777777778,60.0,101325.0
GHCND:USW00012960,2021,27.16666666666667,60.0,101325.0
GHCND:USW00012960,2022,27.38888888888889,60.0,101325.0
GHCND:USW00012960,2023,28.055555555555557,60.0,101325.0
GHCND:USW00012960,2024,28.277777777777782,60.0,101325.0
GHCND:USW00012970,2021,28.444444444444443,60.0,101325.0
GHCND:USW00012970,2022,29.72222222222222,60.0,101325.0
GHCND:USW00012970,2023,29.38888888888889,60.0,101325.0
GHCND:USW00012970,2024,29.555555555555557,60.0,101325.0
GHCND:USW00012971,2021,27.5,60.0,101325.0
GHCND:USW00012971,2022,28.61111111111111,60.0,101325.0
GHCND:USW00012971,2023,29.055555555555557,60.0,101325.0
GHCND:USW00012971,2024,29.333333333333332,60.0,101325.0
GHCND:USW00013722,2021,22.61111111111111,60.0,101325.0
GHCND:USW00013722,2022,23.22222222222222,60.0,101325.0
GHCND:USW00013722,2023,23.72222222222222,60.0,101325.0
GHCND:USW00013722,2024,23.944444444444443,60.0,101325.0
GHCND:USW00013723,2021,21.27777777777778,60.0,101325.0
GHCND:USW00013723,2022,21.11111111111111,60.0,101325.0
GHCND:USW00013723,2023,21.5,60.0,101325.0
GHCND:USW00013723,2024,21.722222222222218,60.0,101325.0
GHCND:USW00013728,2021,22.055555555555557,60.0,101325.0
GHCND:USW00013728,2022,21.27777777777778,60.0,101325.0
GHCND:USW00013728,2023,21.722222222222218,60.0,101325.0
GHCND:USW00013728,2024,22.055555555555557,60.0,101325.0
GHCND:USW00013729,2021,18.111111111111107,60.0,101325.0
GHCND:USW00013729,2022,17.61111111111111,60.0,101325.0
GHCND:USW00013729,2023,18.5,60.0,101325.0
GHCND:USW00013729,2024,19.166666666666668,60.0,101325.0
GHCND:USW00013733,2021,21.5,60.0,101325.0
GHCND:USW00013733,2022,21.166666666666664,60.0,101325.0
GHCND:USW00013733,2023,21.38888888888889,60.0,101325.0
GHCND:USW00013733,2024,21.333333333333336,60.0,101325.0
GHCND:USW00013734,2021,18.833333333333336,60.0,101325.0
GHCND:USW00013734,2022,18.22222222222222,60.0,101325.0
GHCND:USW00013734,2023,18.72222222222222,60.0,101325.0
GHCND:USW00013734,2024,19.055555555555557,60.0,101325.0
GHCND:USW00013735,2021,19.111111111111114,60.0,101325.0
GHCND:USW00013735,2022,18.88888888888889,60.0,101325.0
GHCND:USW00013735,2023,19.555555555555557,60.0,101325.0
GHCND:USW00013735,2024,19.61111111111111,60.0,101325.0
GHCND:USW00013736,2021,18.388888888888886,60.0,101325.0
GHCND:USW00013736,2022,18.000000000000004,60.0,101325.0
GHCND:USW00013736,2023,19.0,60.0,101325.0
GHCND:USW00013736,2024,19.833333333333332,60.0,101325.0
GHCND:USW00013737,2021,21.444444444444443,60.0,101325.0
GHCND:USW00013737,2022,20.944444444444443,60.0,101325.0
GHCND:USW00013737,2023,21.555555555555557,60.0,101325.0
GHCND:USW00013737,2024,21.77777777777778,60.0,101325.0
GHCND:USW00013739,2021,19.166666666666668,60.0,101325.0
GHCND:USW00013739,2022,19.444444444444443,60.0,101325.0
GHCND:USW00013739,2023,19.555555555555557,60.0,101325.0
GHCND:USW00013739,2024,19.72222222222222,60.0,101325.0
GHCND:USW00013740,2021,21.611111111111114,60.0,101325.0
GHCND:USW00013740,2022,21.666666666666668,60.0,101325.0
GHCND:USW00013740,2023,22.38888888888889,60.0,101325.0
GHCND:USW00013740,2024,22.38888888888889,60.0,101325.0
GHCND:USW00013743,2021,20.555555555555557,60.0,101325.0
GHCND:USW00013743,2022,20.166666666666668,60.0,101325.0
GHCND:USW00013743,2023,21.166666666666664,60.0,101325.0
GHCND:USW00013743,2024,21.22222222222222,60.0,101325.0
GHCND:USW00013744,2021,24.66666666666667,60.0,101325.0
GHCND:USW00013744,2022,24.72222222222222,60.0,101325.0
GHCND:USW00013744,2023,24.66666666666667,60.0,101325.0
GHCND:USW00013744,2024,25.33333333333333,60.0,101325.0
GHCND:USW00013748,2021,24.388888888888893,60.0,101325.0
GHCND:USW00013748,2022,24.444444444444443,60.0,101325.0
GHCND:USW00013748,2023,24.777777777777775,60.0,101325.0
GHCND:USW00013748,2024,24.555555555555557,60.0,101325.0
GHCND:USW00013776,2021,24.0,60.0,101325.0
GHCND:USW00013776,2022,24.388888888888893,60.0,101325.0
GHCND:USW00013776,2023,24.333333333333332,60.0,101325.0
GHCND:USW00013776,2024,24.777777777777775,60.0,101325.0
GHCND:USW00013781,2021,19.055555555555557,60.0,101325.0
GHCND:USW00013781,2022,19.055555555555557,60.0,101325.0
GHCND:USW00013781,2023,19.833333333333332,60.0,101325.0
GHCND:USW00013781,2024,19.27777777777778,60.0,101325.0
GHCND:USW00013786,2021,22.16666666666667,60.0,101325.0
GHCND:USW00013786,2022,21.999999999999996,60.0,101325.0
GHCND:USW00013786,2023,22.61111111111111,60.0,101325.0
GHCND:USW00013786,2024,22.444444444444446,60.0,101325.0
GHCND:USW00013833,2021,25.33333333333333,60.0,101325.0
GHCND:USW00013833,2022,26.11111111111111,60.0,101325.0
GHCND:USW00013833,2023,27.333333333333332,60.0,101325.0
GHCND:USW00013833,2024,27.277777777777775,60.0,101325.0
GHCND:USW00013839,2021,25.555555555555557,60.0,101325.0
GHCND:USW00013839,2022,26.22222222222222,60.0,101325.0
GHCND:USW00013839,2023,26.722222222222218,60.0,101325.0
GHCND:USW00013839,2024,26.666666666666668,60.0,101325.0
GHCND:USW00013865,2021,24.61111111111111,60.0,101325.0
GHCND:USW00013865,2022,25.666666666666668,60.0,101325.0
GHCND:USW00013865,2023,26.333333333333336,60.0,101325.0
GHCND:USW00013865,2024,26.055555555555557,60.0,101325.0
GHCND:USW00013866,2021,19.61111111111111,60.0,101325.0
GHCND:USW00013866,2022,19.27777777777778,60.0,101325.0
GHCND:USW00013866,2023,20.166666666666668,60.0,101325.0
GHCND:USW00013866,2024,21.333333333333336,60.0,101325.0
GHCND:USW00013870,2021,25.555555555555557,60.0,101325.0
GHCND:USW00013870,2022,26.555555555555557,60.0,101325.0
GHCND:USW00013870,2023,26.944444444444443,60.0,101325.0
GHCND:USW00013870,2024,26.5,60.0,101325.0
GHCND:USW00013871,2021,23.833333333333336,60.0,101325.0
GHCND:USW00013871,2022,23.77777777777778,60.0,101325.0
GHCND:USW00013871,2023,24.333333333333332,60.0,101325.0
GHCND:USW00013874,2021,23.111111111111107,60.0,101325.0
GHCND:USW00013874,2022,23.333333333333332,60.0,101325.0
GHCND:USW00013874,2023,23.944444444444443,60.0,101325.0
GHCND:USW00013874,2024,24.222222222222218,60.0,101325.0
GHCND:USW00013876,2021,23.666666666666664,60.0,101325.0
GHCND:USW00013876,2022,23.944444444444443,60.0,101325.0
GHCND:USW00013876,2023,24.66666666666667,60.0,101325.0
GHCND:USW00013876,2024,24.777777777777775,60.0,101325.0
GHCND:USW00013877,2021,21.055555555555557,60.0,101325.0
GHCND:USW00013877,2022,21.0,60.0,101325.0
GHCND:USW00013877,2023,21.333333333333336,60.0,101325.0
GHCND:USW00013877,2024,21.611111111111114,60.0,101325.0
GHCND:USW00013880,2021,24.72222222222222,60.0,101325.0
GHCND:USW00013880,2022,25.0,60.0,101325.0
GHCND:USW00013880,2023,26.0,60.0,101325.0
GHCND:USW00013880,2024,25.888888888888886,60.0,101325.0
GHCND:USW00013881,2021,23.22222222222222,60.0,101325.0
GHCND:USW00013881,2022,23.000000000000004,60.0,101325.0
GHCND:USW00013881,2023,23.22222222222222,60.0,101325.0
GHCND:USW00013881,2024,23.444444444444443,60.0,101325.0
GHCND:USW00013882,2021,22.83333333333333,60.0,101325.0
GHCND:USW00013882,2022,22.944444444444443,60.0,101325.0
GHCND:USW00013882,2023,23.555555555555557,60.0,101325.0
GHCND:USW00013882,2024,23.944444444444443,60.0,101325.0
GHCND:USW00013883,2021,24.388888888888893,60.0,101325.0
GHCND:USW00013883,2022,24.444444444444443,60.0,101325.0
GHCND:USW00013883,2023,24.833333333333332,60.0,101325.0
GHCND:USW00013883,2024,25.11111111111111,60.0,101325.0
GHCND:USW00013884,2021,26.444444444444443,60.0,101325.0
GHCND:USW00013884,2022,27.16666666666667,60.0,101325.0
GHCND:USW00013884,2023,27.555555555555554,60.0,101325.0
GHCND:USW00013884,2024,27.055555555555557,60.0,101325.0
GHCND:USW00013889,2021,26.38888888888889,60.0,101325.0
GHCND:USW00013889,2022,26.833333333333332,60.0,101325.0
GHCND:USW00013889,2023,27.666666666666668,60.0,101325.0
GHCND:USW00013889,2024,27.38888888888889,60.0,101325.0
GHCND:USW00013893,2021,22.722222222222225,60.0,101325.0
GHCND:USW00013893,2022,23.444444444444443,60.0,101325.0
GHCND:USW00013893,2023,23.61111111111111,60.0,101325.0
GHCND:USW00013893,2024,23.388888888888886,60.0,101325.0
GHCND:USW00013894,2021,25.055555555555554,60.0,101325.0
GHCND:USW00013894,2022,26.22222222222222,60.0,101325.0
GHCND:USW00013894,2023,27.444444444444446,60.0,101325.0
GHCND:USW00013894,2024,27.11111111111111,60.0,101325.0
GHCND:USW00013895,2021,25.500000000000004,60.0,101325.0
GHCND:USW00013895,2022,25.833333333333332,60.0,101325.0
GHCND:USW00013895,2023,26.444444444444443,60.0,101325.0
GHCND:USW00013895,2024,26.22222222222222,60.0,101325.0
GHCND:USW00013897,2021,22.277777777777775,60.0,101325.0
GHCND:USW00013897,2022,22.555555555555554,60.0,101325.0
GHCND:USW00013897,2023,23.111111111111107,60.0,101325.0
GHCND:USW00013897,2024,23.388888888888886,60.0,101325.0
GHCND:USW00013899,2021,25.777777777777782,60.0,101325.0
GHCND:USW00013899,2022,26.22222222222222,60.0,101325.0
GHCND:USW00013899,2023,27.11111111111111,60.0,101325.0
GHCND:USW00013899,2024,25.777777777777782,60.0,101325.0
GHCND:USW00013904,2021,26.555555555555557,60.0,101325.0
GHCND:USW00013904,2022,27.555555555555554,60.0,101325.0
GHCND:USW00013904,2023,28.111111111111107,60.0,101325.0
GHCND:USW00013904,2024,28.333333333333332,60.0,101325.0
GHCND:USW00013927,2021,24.88888888888889,60.0,101325.0
GHCND:USW00013927,2022,25.500000000000004,60.0,101325.0
GHCND:USW00013927,2023,26.11111111111111,60.0,101325.0
GHCND:USW00013927,2024,25.777777777777782,60.0,101325.0
GHCND:USW00013935,2021,25.833333333333332,60.0,101325.0
GHCND:USW00013935,2022,26.5,60.0,101325.0
GHCND:USW00013935,2023,27.77777777777778,60.0,101325.0
GHCND:USW00013935,2024,26.722222222222218,60.0,101325.0
GHCND:USW00013939,2021,24.222222222222218,60.0,101325.0
GHCND:USW00013939,2022,24.88888888888889,60.0,101325.0
GHCND:USW00013939,2023,25.38888888888889,60.0,101325.0
GHCND:USW00013939,2024,25.33333333333333,60.0,101325.0
GHCND:USW00013942,2021,25.11111111111111,60.0,101325.0
GHCND:USW00013942,2022,25.777777777777782,60.0,101325.0
GHCND:USW00013942,2023,26.722222222222218,60.0,101325.0
GHCND:USW00013942,2024,26.333333333333336,60.0,101325.0
GHCND:USW00013957,2021,25.777777777777782,60.0,101325.0
GHCND:USW00013957,2022,26.38888888888889,60.0,101325.0
GHCND:USW00013957,2023,27.22222222222222,60.0,101325.0
GHCND:USW00013957,2024,27.277777777777775,60.0,101325.0
GHCND:USW00013958,2021,27.333333333333332,60.0,101325.0
GHCND:USW00013958,2022,28.333333333333332,60.0,101325.0
GHCND:USW00013958,2023,28.555555555555557,60.0,101325.0
GHCND:USW00013958,2024,28.555555555555557,60.0,101325.0
GHCND:USW00013959,2021,26.055555555555557,60.0,101325.0
GHCND:USW00013959,2022,27.444444444444446,60.0,101325.0
GHCND:USW00013959,2023,26.944444444444443,60.0,101325.0
GHCND:USW00013959,2024,27.22222222222222,60.0,101325.0
GHCND:USW00013960,2021,25.33333333333333,60.0,101325.0
GHCND:USW00013960,2022,25.944444444444443,60.0,101325.0
GHCND:USW00013960,2023,26.444444444444443,60.0,101325.0
GHCND:USW00013960,2024,26.555555555555557,60.0,101325.0
GHCND:USW00013961,2021,24.555555555555557,60.0,101325.0
GHCND:USW00013961,2022,25.72222222222222,60.0,101325.0
GHCND:USW00013961,2023,26.444444444444443,60.0,101325.0
GHCND:USW00013961,2024,26.11111111111111,60.0,101325.0
GHCND:USW00013963,2021,22.88888888888889,60.0,101325.0
GHCND:USW00013963,2022,23.944444444444443,60.0,101325.0
GHCND:USW00013963,2023,24.777777777777775,60.0,101325.0
GHCND:USW00013963,2024,24.499999999999996,60.0,101325.0
GHCND:USW00013964,2021,23.333333333333332,60.0,101325.0
GHCND:USW00013964,2022,23.72222222222222,60.0,101325.0
GHCND:USW00013964,2023,24.388888888888893,60.0,101325.0
GHCND:USW00013964,2024,24.833333333333332,60.0,101325.0
GHCND:USW00013967,2021,22.11111111111111,60.0,101325.0
GHCND:USW00013967,2022,22.83333333333333,60.0,101325.0
GHCND:USW00013967,2023,23.000000000000004,60.0,101325.0
GHCND:USW00013967,2024,23.72222222222222,60.0,101325.0
GHCND:USW00013968,2021,22.666666666666668,60.0,101325.0
GHCND:USW00013968,2022,23.055555555555557,60.0,101325.0
GHCND:USW00013968,2023,23.166666666666668,60.0,101325.0
GHCND:USW00013968,2024,23.88888888888889,60.0,101325.0
GHCND:USW00013969,2021,22.555555555555554,60.0,101325.0
GHCND:USW00013969,2023,23.055555555555557,60.0,101325.0
GHCND:USW00013969,2024,23.833333333333336,60.0,101325.0
GHCND:USW00013970,2021,25.777777777777782,60.0,101325.0
GHCND:USW00013970,2022,26.722222222222218,60.0,101325.0
GHCND:USW00013970,2023,28.555555555555557,60.0,101325.0
GHCND:USW00013970,2024,28.333333333333332,60.0,101325.0
GHCND:USW00013972,2021,25.166666666666668,60.0,101325.0
GHCND:USW00013972,2022,26.166666666666664,60.0,101325.0
GHCND:USW00013972,2023,26.722222222222218,60.0,101325.0
GHCND:USW00013972,2024,26.555555555555557,60.0,101325.0
GHCND:USW00013975,2021,23.111111111111107,60.0,101325.0
GHCND:USW00013975,2022,23.833333333333336,60.0,101325.0
GHCND:USW00013975,2023,23.833333333333336,60.0,101325.0
GHCND:USW00013976,2021,25.944444444444443,60.0,101325.0
GHCND:USW00013976,2022,26.611111111111114,60.0,101325.0
GHCND:USW00013976,2023,28.111111111111107,60.0,101325.0
GHCND:USW00013976,2024,27.5,60.0,101325.0
GHCND:USW00013977,2021,24.72222222222222,60.0,101325.0
GHCND:USW00013977,2023,25.888888888888886,60.0,101325.0
GHCND:USW00013977,2024,26.5,60.0,101325.0
GHCND:USW00013978,2021,24.72222222222222,60.0,101325.0
GHCND:USW00013978,2022,25.11111111111111,60.0,101325.0
GHCND:USW00013978,2023,26.11111111111111,60.0,101325.0
GHCND:USW00013978,2024,25.888888888888886,60.0,101325.0
GHCND:USW00013985,2021,21.444444444444443,60.0,101325.0
GHCND:USW00013985,2022,21.833333333333332,60.0,101325.0
GHCND:USW00013985,2023,21.444444444444443,60.0,101325.0
GHCND:USW00013985,2024,22.277777777777775,60.0,101325.0
GHCND:USW00013987,2021,20.777777777777782,60.0,101325.0
GHCND:USW00013987,2022,21.27777777777778,60.0,101325.0
GHCND:USW00013987,2023,21.944444444444443,60.0,101325.0
GHCND:USW00013987,2024,22.5,60.0,101325.0
GHCND:USW00013993,2021,19.0,60.0,101325.0
GHCND:USW00013993,2022,17.72222222222222,60.0,101325.0
GHCND:USW00013993,2023,19.88888888888889,60.0,101325.0
GHCND:USW00013993,2024,20.666666666666668,60.0,101325.0
GHCND:USW00013994,2021,20.166666666666668,60.0,101325.0
GHCND:USW00013994,2022,19.88888888888889,60.0,101325.0
GHCND:USW00013994,2023,21.27777777777778,60.0,101325.0
GHCND:USW00013994,2024,21.555555555555557,60.0,101325.0
GHCND:USW00013995,2021,19.88888888888889,60.0,101325.0
GHCND:USW00013995,2022,20.166666666666668,60.0,101325.0
GHCND:USW00013995,2023,21.0,60.0,101325.0
GHCND:USW00013995,2024,21.38888888888889,60.0,101325.0
GHCND:USW00013996,2021,20.11111111111111,60.0,101325.0
GHCND:USW00013996,2022,20.38888888888889,60.0,101325.0
GHCND:USW00013996,2023,21.555555555555557,60.0,101325.0
GHCND:USW00013996,2024,21.611111111111114,60.0,101325.0
GHCND:USW00014605,2021,14.000000000000002,60.0,101325.0
GHCND:USW00014605,2023,14.277777777777779,60.0,101325.0
GHCND:USW00014605,2024,14.777777777777779,60.0,101325.0
GHCND:USW00014606,2021,13.88888888888889,60.0,101325.0
GHCND:USW00014606,2022,14.055555555555554,60.0,101325.0
GHCND:USW00014606,2023,13.833333333333334,60.0,101325.0
GHCND:USW00014606,2024,14.222222222222221,60.0,101325.0
GHCND:USW00014711,2021,18.61111111111111,60.0,101325.0
GHCND:USW00014711,2022,17.944444444444443,60.0,101325.0
GHCND:USW00014711,2023,18.944444444444443,60.0,101325.0
GHCND:USW00014711,2024,18.833333333333336,60.0,101325.0
GHCND:USW00014732,2021,18.22222222222222,60.0,101325.0
GHCND:USW00014732,2022,17.88888888888889,60.0,101325.0
GHCND:USW00014732,2023,18.388888888888886,60.0,101325.0
GHCND:USW00014732,2024,18.277777777777782,60.0,101325.0
GHCND:USW00014734,2021,19.111111111111114,60.0,101325.0
GHCND:USW00014734,2022,18.72222222222222,60.0,101325.0
GHCND:USW00014734,2023,19.555555555555557,60.0,101325.0
GHCND:USW00014734,2024,19.499999999999996,60.0,101325.0
GHCND:USW00014735,2021,14.444444444444445,60.0,101325.0
GHCND:USW00014735,2022,16.0,60.0,101325.0
GHCND:USW00014735,2023,16.555555555555557,60.0,101325.0
GHCND:USW00014735,2024,16.833333333333332,60.0,101325.0
GHCND:USW00014736,2021,16.666666666666668,60.0,101325.0
GHCND:USW00014736,2022,16.055555555555557,60.0,101325.0
GHCND:USW00014736,2023,17.22222222222222,60.0,101325.0
GHCND:USW00014736,2024,17.555555555555557,60.0,101325.0
GHCND:USW00014737,2021,17.333333333333332,60.0,101325.0
GHCND:USW00014737,2022,17.166666666666668,60.0,101325.0
GHCND:USW00014737,2023,17.77777777777778,60.0,101325.0
GHCND:USW00014737,2024,18.000000000000004,60.0,101325.0
GHCND:USW00014739,2021,16.5,60.0,101325.0
GHCND:USW00014739,2022,16.38888888888889,60.0,101325.0
GHCND:USW00014739,2023,16.11111111111111,60.0,101325.0
GHCND:USW00014739,2024,16.055555555555557,60.0,101325.0
GHCND:USW00014740,2021,16.944444444444443,60.0,101325.0
GHCND:USW00014740,2022,17.38888888888889,60.0,101325.0
GHCND:USW00014740,2023,17.5,60.0,101325.0
GHCND:USW00014740,2024,18.444444444444443,60.0,101325.0
GHCND:USW00014745,2021,15.5,60.0,101325.0
GHCND:USW00014745,2022,15.722222222222221,60.0,101325.0
GHCND:USW00014745,2023,15.555555555555555,60.0,101325.0
GHCND:USW00014745,2024,15.944444444444445,60.0,101325.0
GHCND:USW00014764,2021,14.222222222222221,60.0,101325.0
GHCND:USW00014764,2022,14.222222222222221,60.0,101325.0
GHCND:USW00014764,2023,13.944444444444445,60.0,101325.0
GHCND:USW00014764,2024,14.333333333333334,60.0,101325.0
GHCND:USW00014765,2021,17.055555555555557,60.0,101325.0
GHCND:USW00014765,2022,17.166666666666668,60.0,101325.0
GHCND:USW00014765,2023,16.555555555555557,60.0,101325.0
GHCND:USW00014765,2024,16.555555555555557,60.0,101325.0
GHCND:USW00014768,2021,15.166666666666666,60.0,101325.0
GHCND:USW00014768,2022,14.833333333333334,60.0,101325.0
GHCND:USW00014768,2023,15.277777777777779,60.0,101325.0
GHCND:USW00014768,2024,16.27777777777778,60.0,101325.0
GHCND:USW00014771,2021,16.11111111111111,60.0,101325.0
GHCND:USW00014771,2022,15.555555555555555,60.0,101325.0
GHCND:USW00014771,2023,16.0,60.0,101325.0
GHCND:USW00014771,2024,16.88888888888889,60.0,101325.0
GHCND:USW00014777,2021,16.72222222222222,60.0,101325.0
GHCND:USW00014777,2022,16.666666666666668,60.0,101325.0
GHCND:USW00014777,2023,17.11111111111111,60.0,101325.0
GHCND:USW00014777,2024,17.27777777777778,60.0,101325.0
GHCND:USW00014778,2021,17.166666666666668,60.0,101325.0
GHCND:USW00014778,2022,16.944444444444443,60.0,101325.0
GHCND:USW00014778,2023,17.83333333333333,60.0,101325.0
GHCND:USW00014778,2024,17.88888888888889,60.0,101325.0
GHCND:USW00014820,2021,16.444444444444443,60.0,101325.0
GHCND:USW00014820,2022,15.944444444444445,60.0,101325.0
GHCND:USW00014820,2023,16.77777777777778,60.0,101325.0
GHCND:USW00014820,2024,17.72222222222222,60.0,101325.0
GHCND:USW00014822,2021,16.833333333333332,60.0,101325.0
GHCND:USW00014822,2022,16.11111111111111,60.0,101325.0
GHCND:USW00014822,2023,16.88888888888889,60.0,101325.0
GHCND:USW00014822,2024,17.83333333333333,60.0,101325.0
GHCND:USW00014826,2021,15.722222222222221,60.0,101325.0
GHCND:USW00014826,2022,14.833333333333334,60.0,101325.0
GHCND:USW00014826,2023,15.5,60.0,101325.0
GHCND:USW00014826,2024,16.444444444444443,60.0,101325.0
GHCND:USW00014833,2021,15.88888888888889,60.0,101325.0
GHCND:USW00014833,2022,14.777777777777779,60.0,101325.0
GHCND:USW00014833,2024,16.333333333333332,60.0,101325.0
GHCND:USW00014836,2021,15.833333333333334,60.0,101325.0
GHCND:USW00014836,2022,15.166666666666666,60.0,101325.0
GHCND:USW00014836,2023,15.722222222222221,60.0,101325.0
GHCND:USW00014836,2024,16.11111111111111,60.0,101325.0
GHCND:USW00014837,2021,14.833333333333334,60.0,101325.0
GHCND:USW00014837,2022,13.61111111111111,60.0,101325.0
GHCND:USW00014837,2023,15.277777777777779,60.0,101325.0
GHCND:USW00014837,2024,15.88888888888889,60.0,101325.0
GHCND:USW00014839,2021,15.444444444444445,60.0,101325.0
GHCND:USW00014839,2022,14.38888888888889,60.0,101325.0
GHCND:USW00014839,2023,15.444444444444445,60.0,101325.0
GHCND:USW00014839,2024,15.88888888888889,60.0,101325.0
GHCND:USW00014840,2021,15.38888888888889,60.0,101325.0
GHCND:USW00014840,2022,14.722222222222221,60.0,101325.0
GHCND:USW00014840,2023,16.0,60.0,101325.0
GHCND:USW00014840,2024,16.61111111111111,60.0,101325.0
GHCND:USW00014842,2021,17.22222222222222,60.0,101325.0
GHCND:USW00014842,2022,16.833333333333332,60.0,101325.0
GHCND:USW00014842,2023,18.555555555555557,60.0,101325.0
GHCND:USW00014842,2024,18.833333333333336,60.0,101325.0
GHCND:USW00014848,2021,16.5,60.0,101325.0
GHCND:USW00014848,2022,15.666666666666666,60.0,101325.0
GHCND:USW00014848,2023,16.72222222222222,60.0,101325.0
GHCND:USW00014848,2024,17.555555555555557,60.0,101325.0
GHCND:USW00014852,2021,16.444444444444443,60.0,101325.0
GHCND:USW00014852,2022,15.88888888888889,60.0,101325.0
GHCND:USW00014852,2023,16.88888888888889,60.0,101325.0
GHCND:USW00014852,2024,17.333333333333332,60.0,101325.0
GHCND:USW00014895,2021,17.11111111111111,60.0,101325.0
GHCND:USW00014895,2022,16.61111111111111,60.0,101325.0
GHCND:USW00014895,2023,16.666666666666668,60.0,101325.0
GHCND:USW00014895,2024,17.27777777777778,60.0,101325.0
GHCND:USW00014897,2021,14.000000000000002,60.0,101325.0
GHCND:USW00014897,2022,12.222222222222221,60.0,101325.0
GHCND:USW00014897,2023,13.666666666666666,60.0,101325.0
GHCND:USW00014897,2024,14.166666666666666,60.0,101325.0
GHCND:USW00014898,2021,14.222222222222221,60.0,101325.0
GHCND:USW00014898,2022,13.166666666666668,60.0,101325.0
GHCND:USW00014898,2023,14.333333333333334,60.0,101325.0
GHCND:USW00014898,2024,15.444444444444445,60.0,101325.0
GHCND:USW00014910,2021,12.833333333333334,60.0,101325.0
GHCND:USW00014910,2022,10.388888888888891,60.0,101325.0
GHCND:USW00014910,2023,12.5,60.0,101325.0
GHCND:USW00014910,2024,13.222222222222221,60.0,101325.0
GHCND:USW00014913,2021,11.333333333333334,60.0,101325.0
GHCND:USW00014913,2022,8.833333333333334,60.0,101325.0
GHCND:USW00014913,2023,10.722222222222221,60.0,101325.0
GHCND:USW00014913,2024,12.055555555555557,60.0,101325.0
GHCND:USW00014919,2021,14.055555555555554,60.0,101325.0
GHCND:USW00014919,2022,10.833333333333334,60.0,101325.0
GHCND:USW00014919,2023,12.055555555555557,60.0,101325.0
GHCND:USW00014919,2024,13.277777777777779,60.0,101325.0
GHCND:USW00014920,2021,15.88888888888889,60.0,101325.0
GHCND:USW00014920,2022,14.000000000000002,60.0,101325.0
GHCND:USW00014920,2023,15.944444444444445,60.0,101325.0
GHCND:USW00014920,2024,16.333333333333332,60.0,101325.0
GHCND:USW00014922,2021,14.555555555555555,60.0,101325.0
GHCND:USW00014922,2022,12.722222222222221,60.0,101325.0
GHCND:USW00014922,2023,14.666666666666666,60.0,101325.0
GHCND:USW00014922,2024,15.222222222222221,60.0,101325.0
GHCND:USW00014923,2021,17.166666666666668,60.0,101325.0
GHCND:USW00014923,2022,16.555555555555557,60.0,101325.0
GHCND:USW00014923,2023,18.388888888888886,60.0,101325.0
GHCND:USW00014923,2024,18.333333333333332,60.0,101325.0
GHCND:USW00014925,2021,13.555555555555555,60.0,101325.0
GHCND:USW00014925,2022,11.777777777777779,60.0,101325.0
GHCND:USW00014925,2023,13.833333333333334,60.0,101325.0
GHCND:USW00014925,2024,14.666666666666666,60.0,101325.0
GHCND:USW00014926,2021,13.499999999999998,60.0,101325.0
GHCND:USW00014926,2022,11.61111111111111,60.0,101325.0
GHCND:USW00014926,2023,13.833333333333334,60.0,101325.0
GHCND:USW00014926,2024,14.666666666666666,60.0,101325.0
GHCND:USW00014927,2021,15.0,60.0,101325.0
GHCND:USW00014927,2022,12.888888888888891,60.0,101325.0
GHCND:USW00014927,2023,14.666666666666666,60.0,101325.0
GHCND:USW00014927,2024,15.333333333333334,60.0,101325.0
GHCND:USW00014931,2021,16.61111111111111,60.0,101325.0
GHCND:USW00014931,2022,15.944444444444445,60.0,101325.0
GHCND:USW00014931,2023,17.61111111111111,60.0,101325.0
GHCND:USW00014931,2024,17.88888888888889,60.0,101325.0
GHCND:USW00014933,2021,16.944444444444443,60.0,101325.0
GHCND:USW00014933,2022,16.0,60.0,101325.0
GHCND:USW00014933,2023,17.666666666666668,60.0,101325.0
GHCND:USW00014933,2024,18.333333333333332,60.0,101325.0
GHCND:USW00014935,2021,18.333333333333332,60.0,101325.0
GHCND:USW00014935,2022,18.833333333333336,60.0,101325.0
GHCND:USW00014935,2023,18.72222222222222,60.0,101325.0
GHCND:USW00014935,2024,18.833333333333336,60.0,101325.0
GHCND:USW00014939,2021,18.833333333333336,60.0,101325.0
GHCND:USW00014939,2022,18.944444444444443,60.0,101325.0
GHCND:USW00014939,2023,19.555555555555557,60.0,101325.0
GHCND:USW00014939,2024,20.055555555555554,60.0,101325.0
GHCND:USW00014940,2021,14.833333333333334,60.0,101325.0
GHCND:USW00014940,2022,12.888888888888891,60.0,101325.0
GHCND:USW00014940,2023,14.944444444444445,60.0,101325.0
GHCND:USW00014940,2024,15.833333333333334,60.0,101325.0
GHCND:USW00014942,2021,18.166666666666668,60.0,101325.0
GHCND:USW00014942,2022,17.666666666666668,60.0,101325.0
GHCND:USW00014942,2023,18.277777777777782,60.0,101325.0
GHCND:USW00014942,2024,18.72222222222222,60.0,101325.0
GHCND:USW00014943,2021,16.88888888888889,60.0,101325.0
GHCND:USW00014943,2022,16.944444444444443,60.0,101325.0
GHCND:USW00014943,2023,17.0,60.0,101325.0
GHCND:USW00014943,2024,17.555555555555557,60.0,101325.0
GHCND:USW00014944,2021,16.0,60.0,101325.0
GHCND:USW00014944,2022,15.11111111111111,60.0,101325.0
GHCND:USW00014944,2023,16.166666666666668,60.0,101325.0
GHCND:USW00014944,2024,16.444444444444443,60.0,101325.0
GHCND:USW00014946,2021,13.61111111111111,60.0,101325.0
GHCND:USW00014946,2022,11.833333333333332,60.0,101325.0
GHCND:USW00014946,2023,13.166666666666668,60.0,101325.0
GHCND:USW00014946,2024,13.722222222222223,60.0,101325.0
GHCND:USW00014950,2021,16.5,60.0,101325.0
GHCND:USW00014950,2022,16.22222222222222,60.0,101325.0
GHCND:USW00014950,2023,17.61111111111111,60.0,101325.0
GHCND:USW00014950,2024,17.72222222222222,60.0,101325.0
GHCND:USW00014990,2021,15.277777777777779,60.0,101325.0
GHCND:USW00014990,2022,14.555555555555555,60.0,101325.0
GHCND:USW00014990,2023,16.833333333333332,60.0,101325.0
GHCND:USW00014990,2024,17.166666666666668,60.0,101325.0
GHCND:USW00023023,2021,25.222222222222225,60.0,101325.0
GHCND:USW00023023,2022,25.611111111111107,60.0,101325.0
GHCND:USW00023023,2023,26.5,60.0,101325.0
GHCND:USW00023023,2024,26.444444444444443,60.0,101325.0
GHCND:USW00023042,2021,24.0,60.0,101325.0
GHCND:USW00023042,2022,24.555555555555557,60.0,101325.0
GHCND:USW00023042,2023,25.166666666666668,60.0,101325.0
GHCND:USW00023042,2024,25.72222222222222,60.0,101325.0
GHCND:USW00023044,2021,26.666666666666668,60.0,101325.0
GHCND:USW00023044,2022,26.38888888888889,60.0,101325.0
GHCND:USW00023044,2023,27.944444444444443,60.0,101325.0
GHCND:USW00023044,2024,28.055555555555557,60.0,101325.0
GHCND:USW00023047,2021,22.722222222222225,60.0,101325.0
GHCND:USW00023047,2022,23.111111111111107,60.0,101325.0
GHCND:USW00023047,2023,23.444444444444443,60.0,101325.0
GHCND:USW00023047,2024,24.444444444444443,60.0,101325.0
GHCND:USW00023050,2021,21.944444444444443,60.0,101325.0
GHCND:USW00023050,2022,21.444444444444443,60.0,101325.0
GHCND:USW00023050,2023,21.833333333333332,60.0,101325.0
GHCND:USW00023050,2024,22.666666666666668,60.0,101325.0
GHCND:USW00023081,2021,20.444444444444443,60.0,101325.0
GHCND:USW00023081,2023,19.66666666666667,60.0,101325.0
GHCND:USW00023129,2021,23.166666666666668,60.0,101325.0
GHCND:USW00023129,2022,24.499999999999996,60.0,101325.0
GHCND:USW00023129,2023,23.333333333333332,60.0,101325.0
GHCND:USW00023129,2024,23.5,60.0,101325.0
GHCND:USW00023153,2021,20.555555555555557,60.0,101325.0
GHCND:USW00023153,2022,20.166666666666668,60.0,101325.0
GHCND:USW00023153,2023,18.388888888888886,60.0,101325.0
GHCND:USW00023153,2024,20.555555555555557,60.0,101325.0
GHCND:USW00023155,2021,26.555555555555557,60.0,101325.0
GHCND:USW00023155,2022,26.611111111111114,60.0,101325.0
GHCND:USW00023155,2023,25.555555555555557,60.0,101325.0
GHCND:USW00023155,2024,26.77777777777778,60.0,101325.0
GHCND:USW00023158,2021,32.0,60.0,101325.0
GHCND:USW00023158,2022,31.555555555555557,60.0,101325.0
GHCND:USW00023158,2023,31.055555555555557,60.0,101325.0
GHCND:USW00023158,2024,32.27777777777778,60.0,101325.0
GHCND:USW00023160,2021,29.88888888888889,60.0,101325.0
GHCND:USW00023160,2022,29.555555555555557,60.0,101325.0
GHCND:USW00023160,2023,29.944444444444443,60.0,101325.0
GHCND:USW00023160,2024,30.22222222222222,60.0,101325.0
GHCND:USW00023161,2021,28.944444444444443,60.0,101325.0
GHCND:USW00023161,2022,28.444444444444443,60.0,101325.0
GHCND:USW00023161,2023,26.999999999999996,60.0,101325.0
GHCND:USW00023161,2024,29.0,60.0,101325.0
GHCND:USW00023169,2021,27.83333333333333,60.0,101325.0
GHCND:USW00023169,2022,27.22222222222222,60.0,101325.0
GHCND:USW00023169,2023,26.333333333333336,60.0,101325.0
GHCND:USW00023169,2024,28.055555555555557,60.0,101325.0
GHCND:USW00023174,2021,20.888888888888886,60.0,101325.0
GHCND:USW00023174,2022,22.38888888888889,60.0,101325.0
GHCND:USW00023174,2023,20.72222222222222,60.0,101325.0
GHCND:USW00023174,2024,20.555555555555557,60.0,101325.0
GHCND:USW00023179,2022,31.0,60.0,101325.0
GHCND:USW00023179,2023,30.166666666666668,60.0,101325.0
GHCND:USW00023179,2024,31.77777777777778,60.0,101325.0
GHCND:USW00023183,2021,31.22222222222222,60.0,101325.0
GHCND:USW00023183,2022,31.0,60.0,101325.0
GHCND:USW00023183,2023,31.555555555555557,60.0,101325.0
GHCND:USW00023183,2024,32.44444444444444,60.0,101325.0
GHCND:USW00023185,2021,21.27777777777778,60.0,101325.0
GHCND:USW00023185,2022,21.11111111111111,60.0,101325.0
GHCND:USW00023185,2023,19.555555555555557,60.0,101325.0
GHCND:USW00023185,2024,21.27777777777778,60.0,101325.0
GHCND:USW00023187,2021,21.944444444444443,60.0,101325.0
GHCND:USW00023187,2024,20.500000000000004,60.0,101325.0
GHCND:USW00023188,2021,21.944444444444443,60.0,101325.0
GHCND:USW00023188,2022,21.77777777777778,60.0,101325.0
GHCND:USW00023188,2023,21.0,60.0,101325.0
GHCND:USW00023188,2024,21.333333333333336,60.0,101325.0
GHCND:USW00023190,2021,20.777777777777782,60.0,101325.0
GHCND:USW00023190,2022,21.722222222222218,60.0,101325.0
GHCND:USW00023190,2023,21.055555555555557,60.0,101325.0
GHCND:USW00023190,2024,20.33333333333333,60.0,101325.0
GHCND:USW00023194,2021,23.77777777777778,60.0,101325.0
GHCND:USW00023194,2023,23.055555555555557,60.0,101325.0
GHCND:USW00023213,2021,22.16666666666667,60.0,101325.0
GHCND:USW00023213,2022,23.22222222222222,60.0,101325.0
GHCND:USW00023213,2023,21.833333333333332,60.0,101325.0
GHCND:USW00023213,2024,23.277777777777782,60.0,101325.0
GHCND:USW00023232,2021,24.27777777777778,60.0,101325.0
GHCND:USW00023232,2022,24.944444444444446,60.0,101325.0
GHCND:USW00023232,2023,23.333333333333332,60.0,101325.0
GHCND:USW00023232,2024,24.555555555555557,60.0,101325.0
GHCND:USW00023233,2022,21.444444444444443,60.0,101325.0
GHCND:USW00023233,2023,20.0,60.0,101325.0
GHCND:USW00023233,2024,20.666666666666668,60.0,101325.0
GHCND:USW00023237,2021,24.388888888888893,60.0,101325.0
GHCND:USW00023237,2022,25.833333333333332,60.0,101325.0
GHCND:USW00023237,2023,24.444444444444443,60.0,101325.0
GHCND:USW00023237,2024,25.666666666666668,60.0,101325.0
GHCND:USW00023254,2021,23.833333333333336,60.0,101325.0
GHCND:USW00023254,2022,23.88888888888889,60.0,101325.0
GHCND:USW00023254,2023,22.5,60.0,101325.0
GHCND:USW00023254,2024,24.166666666666668,60.0,101325.0
GHCND:USW00023258,2021,24.166666666666668,60.0,101325.0
GHCND:USW00023258,2022,24.72222222222222,60.0,101325.0
GHCND:USW00023258,2023,23.333333333333332,60.0,101325.0
GHCND:USW00023258,2024,25.166666666666668,60.0,101325.0
GHCND:USW00023273,2021,20.444444444444443,60.0,101325.0
GHCND:USW00023273,2022,20.888888888888886,60.0,101325.0
GHCND:USW00023273,2023,19.944444444444446,60.0,101325.0
GHCND:USW00023273,2024,20.444444444444443,60.0,101325.0
GHCND:USW00023285,2021,23.5,60.0,101325.0
GHCND:USW00023285,2022,23.77777777777778,60.0,101325.0
GHCND:USW00023285,2023,22.444444444444446,60.0,101325.0
GHCND:USW00023285,2024,24.0,60.0,101325.0
GHCND:USW00023293,2021,21.944444444444443,60.0,101325.0
GHCND:USW00023293,2022,22.77777777777778,60.0,101325.0
GHCND:USW00023293,2023,21.944444444444443,60.0,101325.0
GHCND:USW00023293,2024,23.72222222222222,60.0,101325.0
GHCND:USW00024011,2021,15.833333333333334,60.0,101325.0
GHCND:USW00024011,2022,12.666666666666664,60.0,101325.0
GHCND:USW00024011,2023,13.0,60.0,101325.0
GHCND:USW00024011,2024,14.38888888888889,60.0,101325.0
GHCND:USW00024012,2021,15.11111111111111,60.0,101325.0
GHCND:USW00024012,2022,12.166666666666666,60.0,101325.0
GHCND:USW00024012,2023,12.888888888888891,60.0,101325.0
GHCND:USW00024012,2024,14.277777777777779,60.0,101325.0
GHCND:USW00024018,2021,16.0,60.0,101325.0
GHCND:USW00024018,2022,15.944444444444445,60.0,101325.0
GHCND:USW00024018,2023,15.166666666666666,60.0,101325.0
GHCND:USW00024018,2024,16.944444444444443,60.0,101325.0
GHCND:USW00024023,2021,19.166666666666668,60.0,101325.0
GHCND:USW00024023,2022,19.61111111111111,60.0,101325.0
GHCND:USW00024023,2023,18.111111111111107,60.0,101325.0
GHCND:USW00024023,2024,19.555555555555557,60.0,101325.0
GHCND:USW00024027,2021,14.38888888888889,60.0,101325.0
GHCND:USW00024027,2023,12.222222222222221,60.0,101325.0
GHCND:USW00024027,2024,14.444444444444445,60.0,101325.0
GHCND:USW00024029,2021,16.944444444444443,60.0,101325.0
GHCND:USW00024029,2022,15.722222222222221,60.0,101325.0
GHCND:USW00024029,2023,15.555555555555555,60.0,101325.0
GHCND:USW00024029,2024,18.111111111111107,60.0,101325.0
GHCND:USW00024033,2021,16.5,60.0,101325.0
GHCND:USW00024033,2022,15.055555555555555,60.0,101325.0
GHCND:USW00024033,2023,15.61111111111111,60.0,101325.0
GHCND:USW00024033,2024,16.72222222222222,60.0,101325.0
GHCND:USW00024037,2021,16.22222222222222,60.0,101325.0
GHCND:USW00024037,2022,14.166666666666666,60.0,101325.0
GHCND:USW00024037,2023,15.166666666666666,60.0,101325.0
GHCND:USW00024037,2024,16.055555555555557,60.0,101325.0
GHCND:USW00024046,2021,16.666666666666668,60.0,101325.0
GHCND:USW00024046,2022,14.555555555555555,60.0,101325.0
GHCND:USW00024046,2023,14.38888888888889,60.0,101325.0
GHCND:USW00024046,2024,16.27777777777778,60.0,101325.0
GHCND:USW00024089,2021,15.88888888888889,60.0,101325.0
GHCND:USW00024089,2022,15.11111111111111,60.0,101325.0
GHCND:USW00024089,2023,14.277777777777779,60.0,101325.0
GHCND:USW00024089,2024,17.11111111111111,60.0,101325.0
GHCND:USW00024121,2021,18.944444444444443,60.0,101325.0
GHCND:USW00024121,2022,17.72222222222222,60.0,101325.0
GHCND:USW00024121,2023,16.444444444444443,60.0,101325.0
GHCND:USW00024121,2024,18.77777777777778,60.0,101325.0
GHCND:USW00024127,2021,19.388888888888893,60.0,101325.0
GHCND:USW00024127,2022,19.111111111111114,60.0,101325.0
GHCND:USW00024127,2023,18.5,60.0,101325.0
GHCND:USW00024127,2024,20.0,60.0,101325.0
GHCND:USW00024128,2021,20.500000000000004,60.0,101325.0
GHCND:USW00024128,2022,20.055555555555554,60.0,101325.0
GHCND:USW00024128,2023,18.944444444444443,60.0,101325.0
GHCND:USW00024128,2024,20.500000000000004,60.0,101325.0
GHCND:USW00024131,2021,19.27777777777778,60.0,101325.0
GHCND:USW00024131,2022,17.83333333333333,60.0,101325.0
GHCND:USW00024131,2023,18.61111111111111,60.0,101325.0
GHCND:USW00024131,2024,19.27777777777778,60.0,101325.0
GHCND:USW00024149,2021,19.27777777777778,60.0,101325.0
GHCND:USW00024149,2022,17.72222222222222,60.0,101325.0
GHCND:USW00024149,2023,18.944444444444443,60.0,101325.0
GHCND:USW00024149,2024,19.055555555555557,60.0,101325.0
GHCND:USW00024155,2021,18.944444444444443,60.0,101325.0
GHCND:USW00024155,2022,17.88888888888889,60.0,101325.0
GHCND:USW00024155,2023,18.555555555555557,60.0,101325.0
GHCND:USW00024155,2024,18.77777777777778,60.0,101325.0
GHCND:USW00024219,2021,20.0,60.0,101325.0
GHCND:USW00024219,2022,19.72222222222222,60.0,101325.0
GHCND:USW00024219,2023,19.055555555555557,60.0,101325.0
GHCND:USW00024225,2021,21.0,60.0,101325.0
GHCND:USW00024225,2022,21.11111111111111,60.0,101325.0
GHCND:USW00024225,2023,20.611111111111107,60.0,101325.0
GHCND:USW00024225,2024,21.27777777777778,60.0,101325.0
GHCND:USW00024227,2021,16.444444444444443,60.0,101325.0
GHCND:USW00024227,2022,16.22222222222222,60.0,101325.0
GHCND:USW00024227,2023,16.944444444444443,60.0,101325.0
GHCND:USW00024227,2024,16.72222222222222,60.0,101325.0
GHCND:USW00024229,2021,18.555555555555557,60.0,101325.0
GHCND:USW00024229,2022,18.055555555555557,60.0,101325.0
GHCND:USW00024229,2023,18.5,60.0,101325.0
GHCND:USW00024229,2024,18.555555555555557,60.0,101325.0
GHCND:USW00024233,2021,16.166666666666668,60.0,101325.0
GHCND:USW00024233,2022,15.722222222222221,60.0,101325.0
GHCND:USW00024233,2023,16.38888888888889,60.0,101325.0
GHCND:USW00024233,2024,16.0,60.0,101325.0
GHCND:USW00024243,2021,19.055555555555557,60.0,101325.0
GHCND:USW00024243,2022,17.444444444444443,60.0,101325.0
GHCND:USW00024243,2023,18.333333333333332,60.0,101325.0
GHCND:USW00024243,2024,18.444444444444443,60.0,101325.0
GHCND:USW00053858,2021,26.333333333333336,60.0,101325.0
GHCND:USW00053858,2022,26.833333333333332,60.0,101325.0
GHCND:USW00053858,2023,27.666666666666668,60.0,101325.0
GHCND:USW00053858,2024,28.000000000000004,60.0,101325.0
GHCND:USW00053860,2021,26.666666666666668,60.0,101325.0
GHCND:USW00053860,2022,27.055555555555557,60.0,101325.0
GHCND:USW00053860,2023,27.61111111111111,60.0,101325.0
GHCND:USW00053860,2024,26.611111111111114,60.0,101325.0
GHCND:USW00053864,2021,23.5,60.0,101325.0
GHCND:USW00053864,2022,24.166666666666668,60.0,101325.0
GHCND:USW00053864,2023,24.72222222222222,60.0,101325.0
GHCND:USW00053864,2024,24.833333333333332,60.0,101325.0
GHCND:USW00053868,2021,21.38888888888889,60.0,101325.0
GHCND:USW00053868,2022,21.611111111111114,60.0,101325.0
GHCND:USW00053868,2023,21.999999999999996,60.0,101325.0
GHCND:USW00053868,2024,22.333333333333332,60.0,101325.0
GHCND:USW00053905,2021,25.11111111111111,60.0,101325.0
GHCND:USW00053905,2022,25.72222222222222,60.0,101325.0
GHCND:USW00053905,2023,26.166666666666664,60.0,101325.0
GHCND:USW00053905,2024,26.11111111111111,60.0,101325.0
GHCND:USW00053913,2022,22.88888888888889,60.0,101325.0
GHCND:USW00053913,2023,22.77777777777778,60.0,101325.0
GHCND:USW00053915,2021,26.0,60.0,101325.0
GHCND:USW00053915,2022,26.555555555555557,60.0,101325.0
GHCND:USW00053915,2023,27.88888888888889,60.0,101325.0
GHCND:USW00053915,2024,27.055555555555557,60.0,101325.0
GHCND:USW00053921,2021,23.277777777777782,60.0,101325.0
GHCND:USW00053921,2022,23.88888888888889,60.0,101325.0
GHCND:USW00053921,2023,24.388888888888893,60.0,101325.0
GHCND:USW00053921,2024,24.61111111111111,60.0,101325.0
GHCND:USW00053925,2021,24.0,60.0,101325.0
GHCND:USW00053925,2022,24.944444444444446,60.0,101325.0
GHCND:USW00053925,2023,24.72222222222222,60.0,101325.0
GHCND:USW00053925,2024,24.66666666666667,60.0,101325.0
GHCND:USW00093026,2023,27.055555555555557,60.0,101325.0
GHCND:USW00093026,2024,27.38888888888889,60.0,101325.0
GHCND:USW00093033,2021,25.72222222222222,60.0,101325.0
GHCND:USW00093033,2022,25.555555555555557,60.0,101325.0
GHCND:USW00093033,2023,26.611111111111114,60.0,101325.0
GHCND:USW00093033,2024,26.833333333333332,60.0,101325.0
GHCND:USW00093037,2021,18.72222222222222,60.0,101325.0
GHCND:USW00093037,2022,18.666666666666664,60.0,101325.0
GHCND:USW00093037,2023,18.111111111111107,60.0,101325.0
GHCND:USW00093037,2024,19.111111111111114,60.0,101325.0
GHCND:USW00093058,2021,21.555555555555557,60.0,101325.0
GHCND:USW00093058,2022,21.444444444444443,60.0,101325.0
GHCND:USW00093058,2023,21.333333333333336,60.0,101325.0
GHCND:USW00093058,2024,21.999999999999996,60.0,101325.0
GHCND:USW00093069,2021,19.61111111111111,60.0,101325.0
GHCND:USW00093069,2022,19.388888888888893,60.0,101325.0
GHCND:USW00093069,2023,18.5,60.0,101325.0
GHCND:USW00093069,2024,19.61111111111111,60.0,101325.0
GHCND:USW00093075,2021,20.666666666666668,60.0,101325.0
GHCND:USW00093075,2022,20.11111111111111,60.0,101325.0
GHCND:USW00093075,2023,19.944444444444446,60.0,101325.0
GHCND:USW00093075,2024,21.333333333333336,60.0,101325.0
GHCND:USW00093134,2021,23.61111111111111,60.0,101325.0
GHCND:USW00093134,2022,24.055555555555557,60.0,101325.0
GHCND:USW00093134,2023,23.055555555555557,60.0,101325.0
GHCND:USW00093134,2024,23.833333333333336,60.0,101325.0
GHCND:USW00093167,2021,25.777777777777782,60.0,101325.0
GHCND:USW00093167,2022,25.222222222222225,60.0,101325.0
GHCND:USW00093167,2023,24.777777777777775,60.0,101325.0
GHCND:USW00093167,2024,26.055555555555557,60.0,101325.0
GHCND:USW00093205,2022,25.888888888888886,60.0,101325.0
GHCND:USW00093205,2023,24.333333333333332,60.0,101325.0
GHCND:USW00093205,2024,25.72222222222222,60.0,101325.0
GHCND:USW00093228,2021,19.944444444444446,60.0,101325.0
GHCND:USW00093228,2022,20.33333333333333,60.0,101325.0
GHCND:USW00093228,2023,20.0,60.0,101325.0
GHCND:USW00093228,2024,21.666666666666668,60.0,101325.0
GHCND:USW00093720,2021,20.500000000000004,60.0,101325.0
GHCND:USW00093720,2022,20.222222222222225,60.0,101325.0
GHCND:USW00093720,2023,21.166666666666664,60.0,101325.0
GHCND:USW00093720,2024,20.38888888888889,60.0,101325.0
GHCND:USW00093721,2021,20.444444444444443,60.0,101325.0
GHCND:USW00093721,2022,19.944444444444446,60.0,101325.0
GHCND:USW00093721,2023,21.0,60.0,101325.0
GHCND:USW00093721,2024,20.444444444444443,60.0,101325.0
GHCND:USW00093738,2021,20.11111111111111,60.0,101325.0
GHCND:USW00093738,2022,19.66666666666667,60.0,101325.0
GHCND:USW00093738,2023,21.11111111111111,60.0,101325.0
GHCND:USW00093738,2024,20.833333333333332,60.0,101325.0
GHCND:USW00093784,2023,21.333333333333336,60.0,101325.0
GHCND:USW00093805,2021,26.555555555555557,60.0,101325.0
GHCND:USW00093805,2022,27.055555555555557,60.0,101325.0
GHCND:USW00093805,2023,28.000000000000004,60.0,101325.0
GHCND:USW00093805,2024,28.000000000000004,60.0,101325.0
GHCND:USW00093806,2021,24.444444444444443,60.0,101325.0
GHCND:USW00093806,2022,24.88888888888889,60.0,101325.0
GHCND:USW00093806,2023,25.33333333333333,60.0,101325.0
GHCND:USW00093806,2024,25.166666666666668,60.0,101325.0
GHCND:USW00093808,2021,21.11111111111111,60.0,101325.0
GHCND:USW00093808,2022,21.38888888888889,60.0,101325.0
GHCND:USW00093808,2023,22.055555555555557,60.0,101325.0
GHCND:USW00093808,2024,22.333333333333332,60.0,101325.0
GHCND:USW00093812,2021,19.055555555555557,60.0,101325.0
GHCND:USW00093812,2022,18.77777777777778,60.0,101325.0
GHCND:USW00093812,2023,20.166666666666668,60.0,101325.0
GHCND:USW00093812,2024,20.72222222222222,60.0,101325.0
GHCND:USW00093814,2021,18.5,60.0,101325.0
GHCND:USW00093814,2022,18.166666666666668,60.0,101325.0
GHCND:USW00093814,2023,19.055555555555557,60.0,101325.0
GHCND:USW00093814,2024,19.777777777777775,60.0,101325.0
GHCND:USW00093817,2021,20.055555555555554,60.0,101325.0
GHCND:USW00093817,2022,19.66666666666667,60.0,101325.0
GHCND:USW00093817,2023,21.11111111111111,60.0,101325.0
GHCND:USW00093817,2024,21.444444444444443,60.0,101325.0
GHCND:USW00093819,2021,17.72222222222222,60.0,101325.0
GHCND:USW00093819,2022,17.555555555555557,60.0,101325.0
GHCND:USW00093819,2023,18.72222222222222,60.0,101325.0
GHCND:USW00093819,2024,19.0,60.0,101325.0
GHCND:USW00093820,2021,18.555555555555557,60.0,101325.0
GHCND:USW00093820,2022,19.61111111111111,60.0,101325.0
GHCND:USW00093820,2023,20.944444444444443,60.0,101325.0
GHCND:USW00093820,2024,21.055555555555557,60.0,101325.0
GHCND:USW00093821,2021,20.611111111111107,60.0,101325.0
GHCND:USW00093821,2022,20.500000000000004,60.0,101325.0
GHCND:USW00093821,2023,21.38888888888889,60.0,101325.0
GHCND:USW00093821,2024,21.77777777777778,60.0,101325.0
GHCND:USW00093822,2021,18.000000000000004,60.0,101325.0
GHCND:USW00093822,2022,17.38888888888889,60.0,101325.0
GHCND:USW00093822,2023,19.111111111111114,60.0,101325.0
GHCND:USW00093822,2024,19.222222222222218,60.0,101325.0
GHCND:USW00093824,2021,17.88888888888889,60.0,101325.0
GHCND:USW00093824,2022,17.166666666666668,60.0,101325.0
GHCND:USW00093824,2023,18.444444444444443,60.0,101325.0
GHCND:USW00093824,2024,19.61111111111111,60.0,101325.0
GHCND:USW00093842,2021,24.777777777777775,60.0,101325.0
GHCND:USW00093842,2022,25.27777777777778,60.0,101325.0
GHCND:USW00093842,2023,25.555555555555557,60.0,101325.0
GHCND:USW00093842,2024,25.833333333333332,60.0,101325.0
GHCND:USW00093846,2021,22.83333333333333,60.0,101325.0
GHCND:USW00093846,2022,23.22222222222222,60.0,101325.0
GHCND:USW00093846,2023,23.444444444444443,60.0,101325.0
GHCND:USW00093846,2024,23.833333333333336,60.0,101325.0
GHCND:USW00093862,2021,23.833333333333336,60.0,101325.0
GHCND:USW00093862,2022,24.499999999999996,60.0,101325.0
GHCND:USW00093862,2023,24.88888888888889,60.0,101325.0
GHCND:USW00093862,2024,24.66666666666667,60.0,101325.0
GHCND:USW00093874,2021,25.222222222222225,60.0,101325.0
GHCND:USW00093874,2022,25.833333333333332,60.0,101325.0
GHCND:USW00093874,2023,27.11111111111111,60.0,101325.0
GHCND:USW00093874,2024,26.77777777777778,60.0,101325.0
GHCND:USW00093950,2021,23.22222222222222,60.0,101325.0
GHCND:USW00093950,2022,24.0,60.0,101325.0
GHCND:USW00093950,2023,24.0,60.0,101325.0
GHCND:USW00093950,2024,24.66666666666667,60.0,101325.0
GHCND:USW00093985,2021,24.944444444444446,60.0,101325.0
GHCND:USW00093985,2022,26.999999999999996,60.0,101325.0
GHCND:USW00093985,2023,27.444444444444446,60.0,101325.0
GHCND:USW00093985,2024,26.999999999999996,60.0,101325.0
GHCND:USW00093992,2021,24.111111111111114,60.0,101325.0
GHCND:USW00093992,2022,24.333333333333332,60.0,101325.0
GHCND:USW00093992,2023,25.0,60.0,101325.0
GHCND:USW00093992,2024,25.444444444444443,60.0,101325.0
GHCND:USW00093993,2021,21.611111111111114,60.0,101325.0
GHCND:USW00093993,2022,22.11111111111111,60.0,101325.0
GHCND:USW00093993,2023,22.83333333333333,60.0,101325.0
GHCND:USW00093993,2024,23.444444444444443,60.0,101325.0
GHCND:USW00094050,2021,16.11111111111111,60.0,101325.0
GHCND:USW00094050,2022,14.722222222222221,60.0,101325.0
GHCND:USW00094050,2023,14.222222222222221,60.0,101325.0
GHCND:USW00094050,2024,16.22222222222222,60.0,101325.0
GHCND:USW00094053,2021,18.333333333333332,60.0,101325.0
GHCND:USW00094053,2022,18.055555555555557,60.0,101325.0
GHCND:USW00094053,2023,17.61111111111111,60.0,101325.0
GHCND:USW00094053,2024,19.72222222222222,60.0,101325.0
GHCND:USW00094119,2021,15.944444444444445,60.0,101325.0
GHCND:USW00094119,2022,14.38888888888889,60.0,101325.0
GHCND:USW00094119,2023,15.555555555555555,60.0,101325.0
GHCND:USW00094119,2024,15.833333333333334,60.0,101325.0
GHCND:USW00094224,2021,14.555555555555555,60.0,101325.0
GHCND:USW00094224,2022,15.055555555555555,60.0,101325.0
GHCND:USW00094224,2023,15.333333333333334,60.0,101325.0
GHCND:USW00094224,2024,15.944444444444445,60.0,101325.0
GHCND:USW00094225,2021,14.222222222222221,60.0,101325.0
GHCND:USW00094225,2022,15.055555555555555,60.0,101325.0
GHCND:USW00094225,2023,14.944444444444445,60.0,101325.0
GHCND:USW00094225,2024,14.222222222222221,60.0,101325.0
GHCND:USW00094702,2021,16.88888888888889,60.0,101325.0
GHCND:USW00094702,2022,16.5,60.0,101325.0
GHCND:USW00094702,2023,16.944444444444443,60.0,101325.0
GHCND:USW00094702,2024,17.11111111111111,60.0,101325.0
GHCND:USW00094728,2021,17.61111111111111,60.0,101325.0
GHCND:USW00094728,2022,17.555555555555557,60.0,101325.0
GHCND:USW00094728,2023,18.22222222222222,60.0,101325.0
GHCND:USW00094728,2024,18.277777777777782,60.0,101325.0
GHCND:USW00094746,2021,14.61111111111111,60.0,101325.0
GHCND:USW00094746,2022,14.944444444444445,60.0,101325.0
GHCND:USW00094746,2023,15.222222222222221,60.0,101325.0
GHCND:USW00094746,2024,15.444444444444445,60.0,101325.0
GHCND:USW00094789,2021,17.444444444444443,60.0,101325.0
GHCND:USW00094789,2022,17.333333333333332,60.0,101325.0
GHCND:USW00094789,2023,17.555555555555557,60.0,101325.0
GHCND:USW00094789,2024,18.055555555555557,60.0,101325.0
GHCND:USW00094822,2021,16.72222222222222,60.0,101325.0
GHCND:USW00094822,2022,15.277777777777779,60.0,101325.0
GHCND:USW00094822,2023,16.333333333333332,60.0,101325.0
GHCND:USW00094822,2024,17.38888888888889,60.0,101325.0
GHCND:USW00094823,2021,16.833333333333332,60.0,101325.0
GHCND:USW00094823,2022,16.055555555555557,60.0,101325.0
GHCND:USW00094823,2023,17.61111111111111,60.0,101325.0
GHCND:USW00094823,2024,18.833333333333336,60.0,101325.0
GHCND:USW00094830,2021,17.444444444444443,60.0,101325.0
GHCND:USW00094830,2022,16.944444444444443,60.0,101325.0
GHCND:USW00094830,2023,17.5,60.0,101325.0
GHCND:USW00094846,2021,16.38888888888889,60.0,101325.0
GHCND:USW00094846,2022,15.38888888888889,60.0,101325.0
GHCND:USW00094846,2023,16.88888888888889,60.0,101325.0
GHCND:USW00094846,2024,17.5,60.0,101325.0
GHCND:USW00094847,2021,16.22222222222222,60.0,101325.0
GHCND:USW00094847,2022,15.666666666666666,60.0,101325.0
GHCND:USW00094847,2023,16.055555555555557,60.0,101325.0
GHCND:USW00094847,2024,17.055555555555557,60.0,101325.0
GHCND:USW00094860,2021,15.5,60.0,101325.0
GHCND:USW00094860,2022,14.277777777777779,60.0,101325.0
GHCND:USW00094860,2023,15.38888888888889,60.0,101325.0
GHCND:USW00094860,2024,16.27777777777778,60.0,101325.0
GHCND:USW00094871,2021,15.944444444444445,60.0,101325.0
GHCND:USW00094871,2024,17.38888888888889,60.0,101325.0
GHCND:USW00094931,2021,11.222222222222223,60.0,101325.0
GHCND:USW00094931,2022,8.277777777777779,60.0,101325.0
GHCND:USW00094931,2023,10.722222222222221,60.0,101325.0
GHCND:USW00094931,2024,11.500000000000002,60.0,101325.0
GHCND:USW00094957,2021,18.77777777777778,60.0,101325.0
GHCND:USW00094957,2022,18.5,60.0,101325.0
GHCND:USW00094957,2023,19.333333333333332,60.0,101325.0
GHCND:USW00094957,2024,19.944444444444446,60.0,101325.0
GHCND:USW00094960,2021,14.444444444444445,60.0,101325.0
GHCND:USW00094960,2022,12.666666666666664,60.0,101325.0
GHCND:USW00094960,2023,14.555555555555555,60.0,101325.0
GHCND:USW00094960,2024,15.222222222222221,60.0,101325.0
GHCND:USW00094963,2021,14.38888888888889,60.0,101325.0
GHCND:USW00094963,2022,12.666666666666664,60.0,101325.0
GHCND:USW00094963,2023,14.38888888888889,60.0,101325.0
GHCND:USW00094963,2024,15.38888888888889,60.0,101325.0
GHCND:USW00094988,2021,15.5,60.0,101325.0
GHCND:USW00094988,2022,14.666666666666666,60.0,101325.0
GHCND:USW00094988,2023,16.72222222222222,60.0,101325.0
GHCND:USW00094988,2024,17.27777777777778,60.0,101325.0
GHCND:USW00094989,2021,16.555555555555557,60.0,101325.0
GHCND:USW00094989,2022,15.444444444444445,60.0,101325.0
GHCND:USW00094989,2023,17.22222222222222,60.0,101325.0
GHCND:USW00094989,2024,17.77777777777778,60.0,101325.0
